Workbook

Sheet NhaDat
A1: MaBDS | B1: TenBDS | C1: LoaiGD | D1: GiaThue | E1: ChietKhau | F1: GiaSauCK | G1: TyLeHH | H1: TienHH
A2: B001 | B2: Can ho A | C2: Thue | D2: 8000000 | E2: 0.1 | F2: =D2*(1-E2) | G2: =IFERROR(VLOOKUP(C2,HoaHong!$A$2:$B$3,2,FALSE),0) | H2: =F2*G2
A3: B002 | B3: Can ho B | C3: Thue | D3: 12000000 | E3: 0.05 | F3: =D3*(1-E3) | G3: =IFERROR(VLOOKUP(C3,HoaHong!$A$2:$B$3,2,FALSE),0) | H3: =F3*G3
A4: B003 | B4: Nha pho C | C4: Thue | D4: 15000000 | E4: 0.08 | F4: =D4*(1-E4) | G4: =IFERROR(VLOOKUP(C4,HoaHong!$A$2:$B$3,2,FALSE),0) | H4: =F4*G4
A5: B004 | B5: Can ho D | C5: Thue | D5: 10000000 | E5: 0 | F5: =D5*(1-E5) | G5: =IFERROR(VLOOKUP(C5,HoaHong!$A$2:$B$3,2,FALSE),0) | H5: =F5*G5
A6: B005 | B6: Nha pho E | C6: Thue | D6: 20000000 | E6: 0.1 | F6: =D6*(1-E6) | G6: =IFERROR(VLOOKUP(C6,HoaHong!$A$2:$B$3,2,FALSE),0) | H6: =F6*G6
A7: B006 | B7: Nha pho F | C7: Ban | D7: 2500000000 | E7: 0.03 | F7: =D7*(1-E7) | G7: =IFERROR(VLOOKUP(C7,HoaHong!$A$2:$B$3,2,FALSE),0) | H7: =F7*G7
A8: B007 | B8: Can ho G | C8: Ban | D8: 1800000000 | E8: 0.02 | F8: =D8*(1-E8) | G8: =IFERROR(VLOOKUP(C8,HoaHong!$A$2:$B$3,2,FALSE),0) | H8: =F8*G8
A9: B008 | B9: Can ho H | C9: Thue | D9: 9500000 | E9: 0.05 | F9: =D9*(1-E9) | G9: =IFERROR(VLOOKUP(C9,HoaHong!$A$2:$B$3,2,FALSE),0) | H9: =F9*G9
A10: B009 | B10: Nha pho I | C10: Thue | D10: 16000000 | E10: 0.07 | F10: =D10*(1-E10) | G10: =IFERROR(VLOOKUP(C10,HoaHong!$A$2:$B$3,2,FALSE),0) | H10: =F10*G10
A11: B010 | B11: Can ho K | C11: Ban | D11: 2200000000 | E11: 0.04 | F11: =D11*(1-E11) | G11: =IFERROR(VLOOKUP(C11,HoaHong!$A$2:$B$3,2,FALSE),0) | H11: =F11*G11

Sheet HoaHong
A1: LoaiGD | B1: TyLeHH
A2: Thue | B2: 0.05
A3: Ban | B3: 0.02

Sheet HuongDan
A1: HƯỚNG DẪN SỬ DỤNG FILE SMART-HOME
A2: 1. Sheet NhaDat | B2: Danh sách nhà đất; mỗi dòng là một bản ghi, mỗi cột là một trường dữ liệu. Không gộp ô trong vùng dữ liệu.
A3: 2. Sheet HoaHong | B3: Bảng tỷ lệ hoa hồng dùng để tra cứu theo LoaiGD: Thue = 5%, Ban = 2%.
A4: 3. Công thức giá sau chiết khấu | B4: =GiaThue*(1-ChietKhau). Ví dụ ô F2: =D2*(1-E2)
A5: 4. Công thức tra cứu hoa hồng | B5: Ví dụ ô G2: =IFERROR(VLOOKUP(C2,HoaHong!$A$2:$B$3,2,FALSE),0)
A6: 5. Công thức tiền hoa hồng | B6: Ví dụ ô H2: =F2*G2
A7: 6. Dấu $ | B7: HoaHong!$A$2:$B$3 cố định vùng tra cứu khi kéo công thức xuống. C2 vẫn thay đổi theo từng dòng.
A8: 7. Lọc dữ liệu | B8: Dùng nút lọc trên hàng tiêu đề để lọc theo LoaiGD, giá thuê hoặc tỷ lệ hoa hồng.
A9: 8. Lưu ý | B9: Dữ liệu và mức hoa hồng trong file là dữ liệu minh họa cho bài tập; hãy thay bằng số liệu được giao nếu cần.
